Name,Price
"Noise Buds VS102 Pro with ANC (25dB), 70 Hours Playtime...","₹1,799"
"Noise Buds VS404 with 50 Hours Playtime, ENC with Quad ...","₹1,299"
"Noise Buds VS102 with 50 Hrs Playtime, 11mm Driver, IPX...",₹899
"Noise Buds VS102 with 50 Hrs Playtime, 11mm Driver, IPX...","₹1,299"
"Noise Buds VS102 with 50 Hrs Playtime, 11mm Driver, IPX...","₹1,299"
"Noise Buds Combat with 45 Hours Playtime, Ultra-low Lat...","₹1,499"
"Noise Buds VS102 Pro with ANC (25dB), 70 Hours Playtime...","₹1,799"
"Noise Buds VS202 with 24 Hours Playtime, Instacharge, H...","₹1,499"
"Noise Buds VS404 with 50 Hours Playtime, ENC with Quad ...","₹1,299"
"Noise Buds VS102 Plus with 70 Hrs Playtime, Environment...","₹1,599"
"Noise Air Buds Mini 2 with 45 Hrs Playtime, Environment...","₹1,399"
"Noise Buds Combat with 45 Hours Playtime, Ultra-low Lat...","₹1,799"
"Noise Buds VS401 with 50 Hrs Playtime, Quad Mic with EN...","₹1,399"
"Noise Buds Venus with ANC (30dB), 40 Hours Playtime, an...","₹1,899"
"Noise Buds VS102 Plus with 70 Hrs Playtime, Environment...","₹1,599"
"Noise Buds VS102 Pro with ANC (25dB), 70 Hours Playtime...","₹1,799"
"Noise Air Buds Mini 2 with 45 Hrs Playtime, Environment...","₹1,399"
"Noise Buds VS401 with 50 Hrs Playtime, Quad Mic with EN...","₹1,399"
"Noise Buds Venus with ANC (30dB), 40 Hours Playtime, an...","₹1,899"
"Noise Buds VS401 with 50 Hrs Playtime, Quad Mic with EN...","₹1,399"
"Noise Buds VS401 with 50 Hrs Playtime, Quad Mic with EN...","₹1,399"
"Noise Air Buds Mini 2 with 45 Hrs Playtime, Environment...","₹1,399"
"Noise Beads with 18hrs of playtime, HyperSync, IPX5 and...","₹1,499"
"Noise Buds VS102 Plus with 70 Hrs Playtime, Environment...","₹1,599"
"Noise Buds Trance with 45 Hrs Playtime, Low Latency (up...","₹1,199"
"Noise Buds VS102 Plus with 70 Hrs Playtime, Environment...","₹1,599"
"Noise Buds VS102 Pro with ANC (25dB), 70 Hours Playtime...","₹1,799"
"Noise Air Buds Mini 2 with 45 Hrs Playtime, Environment...","₹1,399"
"Noise Buds Verve with 45 Hrs Playtime, Environmental No...","₹1,499"
"Noise Buds Venus with ANC (30dB), 40 Hours Playtime, an...","₹1,899"
"Noise Air Buds Mini with 15 Hours Playtime, Tru Bass Te...","₹1,299"
"Noise Buds Trance with 45 Hrs Playtime, Low Latency (up...","₹1,199"
"Noise Buds VS202 with 24 Hours Playtime, Instacharge, H...","₹1,499"
"Noise Buds VS102 with 50 Hrs Playtime, 11mm Driver, IPX...","₹1,299"
"Noise Buds Trance with 45 Hrs Playtime, Low Latency (up...","₹1,199"
"Noise Buds Verve with 45 Hrs Playtime, Environmental No...","₹1,499"
"Noise Air Buds Mini with 15 Hours Playtime, Tru Bass Te...","₹1,199"
"Noise VS102 Neo with 40 Hrs Playtime, Environmental Noi...","₹3,499"
"Noise Buds VS204 with 50 Hours Playtime, Instacharge, E...","₹1,799"
"Noise VS102 Neo with 40 Hrs Playtime, Environmental Noi...","₹3,499"
